<?xml version='1.0'?>
<mandelbrot_settings_2>
<limits>
   <xmin>-0.55205157374143600637</xmin>
   <xmax>-0.55190406699776649692</xmax>
   <ymin>0.47304918025732040581</ymin>
   <ymax>0.47316718565225601337</ymax>
</limits>
<palette colorType='RGB'>
   <mirrorOutOfRangeComponents value='true'/>
   <divisionPoint position='0.0' color='0.0;0.0;0.0'/>
   <divisionPoint position='0.17' color='1.0;0.0;0.0'/>
   <divisionPoint position='0.83' color='1.0;1.0;0.0'/>
   <divisionPoint position='1.0' color='1.0;1.0;1.0'/>
</palette>
<mandelbrot_color r='0' g='0' b='0'/>
<palette_mapping length='0' offset='0'/>
<max_iterations value='10000'/>
<high_precision_enabled value='true'/>
</mandelbrot_settings_2>
