<?xml version='1.0'?>
<mandelbrot_settings_2>
<limits>
   <xmin>-1.7690306004184329</xmin>
   <xmax>-1.7690295836847085</xmax>
   <ymin>0.0031538595702318957</ymin>
   <ymax>0.0031546221205251386</ymax>
</limits>
<palette colorType='RGB'>
   <divisionPoint position='0.0' color='1.0;1.0;1.0'/>
   <divisionPoint position='0.15' color='1.0;0.8;0.0'/>
   <divisionPoint position='0.33' color='0.53;0.12;0.075'/>
   <divisionPoint position='0.67' color='0.0;0.0;0.6'/>
   <divisionPoint position='0.85' color='0.0;0.4;1.0'/>
   <divisionPoint position='1.0' color='1.0;1.0;1.0'/>
</palette>
<mandelbrot_color r='0' g='0' b='0'/>
<palette_mapping length='321' offset='44'/>
<max_iterations value='1000'/>
<high_precision_enabled value='true'/>
</mandelbrot_settings_2>
