<?xml version='1.0'?>
<mandelbrot_settings_2>
<limits>
   <xmin>-0.3731076707689312</xmin>
   <xmax>-0.37310663057550525</xmax>
   <ymin>0.6481845448352237</ymin>
   <ymax>0.6481853249802931</ymax>
</limits>
<palette colorType='HSB'>
   <divisionPoint position='0.0' color='0.0;1.0;1.0'/>
   <divisionPoint position='1.0' color='1.0;1.0;1.0'/>
</palette>
<mandelbrot_color r='0' g='0' b='0'/>
<palette_mapping length='2486' offset='1360'/>
<max_iterations value='5000'/>
<high_precision_enabled value='true'/>
</mandelbrot_settings_2>
