<?xml version='1.0'?>
<mandelbrot_settings_2>
<limits>
   <xmin>-1.4611981519340178</xmin>
   <xmax>-1.4611981519334396</xmax>
   <ymin>-0.0000017817880478514203</ymin>
   <ymax>-0.000001781787614198307</ymax>
</limits>
<palette colorType='HSB'>
   <divisionPoint position='0.0' color='0.0;1.0;1.0'/>
   <divisionPoint position='0.18604651162790697' color='0.18604651;1.0;1.0'/>
   <divisionPoint position='0.295169946332737' color='0.33333334;1.0;0.8'/>
   <divisionPoint position='0.44364937388193204' color='0.6010734;1.0;1.0'/>
   <divisionPoint position='1.0' color='1.0;1.0;1.0'/>
</palette>
<mandelbrot_color r='0' g='0' b='0'/>
<palette_mapping length='1092' offset='539'/>
<max_iterations value='5000'/>
<high_precision_enabled value='false'/>
</mandelbrot_settings_2>
