<?xml version='1.0'?>
<mandelbrot_settings_2>
<limits>
   <xmin>-1.7878063835085548723667371150</xmin>
   <xmax>-1.7878063835085548715923738750</xmax>
   <ymin>0.0000568907551128812097350920</ymin>
   <ymax>0.0000568907551128817905075220</ymax>
</limits>
<palette colorType='RGB'>
   <divisionPoint position='0.0' color='1.0;1.0;1.0'/>
   <divisionPoint position='0.15' color='1.0;0.8;0.0'/>
   <divisionPoint position='0.33' color='0.53;0.12;0.075'/>
   <divisionPoint position='0.67' color='0.0;0.0;0.6'/>
   <divisionPoint position='0.85' color='0.0;0.4;1.0'/>
   <divisionPoint position='1.0' color='1.0;1.0;1.0'/>
</palette>
<mandelbrot_color r='0' g='0' b='0'/>
<palette_mapping length='136' offset='344'/>
<max_iterations value='500'/>
<high_precision_enabled value='true'/>
</mandelbrot_settings_2>
