<?xml version='1.0'?>
<mandelbrot_settings_2>
<limits>
   <xmin>0.25989953330036834367</xmin>
   <xmax>0.25989963871014069873</xmax>
   <ymin>0.00161257537296835110</ymin>
   <ymax>0.00161265443029761740</ymax>
</limits>
<palette colorType='HSB'>
   <divisionPoint position='0.0' color='0.0;1.0;1.0'/>
   <divisionPoint position='1.0' color='1.0;1.0;1.0'/>
</palette>
<mandelbrot_color r='0' g='0' b='0'/>
<palette_mapping length='250' offset='50'/>
<max_iterations value='1500'/>
<high_precision_enabled value='true'/>
</mandelbrot_settings_2>
